{
  "avg_hpe_delta": 0.05,
  "genre": "jazz",
  "last_used": 1783207057.7495685,
  "medium": "vinyl",
  "optimal_compression_ratio": 1.4999999999999998,
  "optimal_eq_presence": 0.8999999999999999,
  "optimal_nr_strength": 0.53,
  "success_count": 1
}
